,accuracy,dprime
airplane,1.0,5.0
bear,0.7,2.4901000065503713
bicycle,1.0,5.0
bird,0.7,2.850748386748881
boat,0.53,2.5874141900302914
bottle,1.0,5.0
car,0.89,2.9397775216646833
cat,0.8800000000000001,3.372273168707143
chair,0.82,3.701544564413088
clock,0.8,3.84538000548279
dog,0.76,2.9035889394811396
elephant,0.42000000000000004,2.0144693000825478
keyboard,0.9,3.182312498409401
knife,0.7,2.9991401619275244
oven,0.42000000000000004,1.5335252409480582
truck,0.7,2.5017689408899875
