,accuracy,dprime
airplane,1.0,5.0
bear,0.5,1.8250068211464032
bicycle,1.0,5.0
bird,0.6900000000000001,2.522808752704633
boat,0.45999999999999996,2.4529997097425564
bottle,1.0,5.0
car,0.51,1.8589835440746256
cat,0.7,2.760682076318722
chair,1.0,5.0
clock,0.6799999999999999,2.9424384483339923
dog,0.63,2.7723602242117344
elephant,0.6900000000000001,2.5495992579792763
keyboard,0.8,2.3690007510965017
knife,1.0,5.0
oven,0.62,2.139395423915312
truck,0.43000000000000005,2.1256584435552197
