,accuracy,dprime
airplane,0.99,4.542710653265239
bear,0.58,2.380871065203101
bicycle,1.0,5.0
bird,0.7,2.9991401619275244
boat,0.66,5.0
bottle,1.0,5.0
car,0.52,1.7561969803536956
cat,0.7,2.903960249304655
chair,1.0,5.0
clock,0.8099999999999999,3.4774931598986694
dog,0.6900000000000001,2.712213126571852
elephant,0.89,3.3387588184388797
keyboard,0.96,3.112257005327754
knife,0.79,3.2811608962377243
oven,0.24,1.3474463477917356
truck,0.49000000000000005,1.8656141399852004
