,accuracy,dprime
airplane,1.0,5.0
bear,0.6199999999999999,2.2947937789827204
bicycle,1.0,5.0
bird,0.6,2.335447138395147
boat,0.52,2.039466574348057
bottle,1.0,5.0
car,0.54,1.9911167687553812
cat,0.78,2.615163607410197
chair,0.89,5.0
clock,0.64,2.5748215724755923
dog,0.6,2.7280867523552836
elephant,0.7699999999999999,2.6710589409834715
keyboard,0.8099999999999999,2.7586899032024794
knife,1.0,5.0
oven,0.6599999999999999,2.3234987769905224
truck,0.63,2.510830932498067
