,accuracy,dprime
airplane,0.8099999999999999,2.891987107069367
bear,0.2,5.0
bicycle,1.0,5.0
bird,0.71,3.339564196125947
boat,0.63,1.9391012383370345
bottle,1.0,5.0
car,0.38,1.6160353749677223
cat,0.6900000000000001,2.752979591833679
chair,1.0,5.0
clock,0.5,2.5121443279304616
dog,0.86,2.7448822020176777
elephant,0.73,2.6269038030347662
keyboard,0.38,1.3265800686210971
knife,1.0,5.0
oven,0.2,1.1476917573104095
truck,0.19,2.3308106153837898
