,accuracy,dprime
airplane,1.0,5.0
bear,0.8800000000000001,2.9741048989040584
bicycle,1.0,5.0
bird,0.79,3.1585429435096244
boat,0.3,1.9877438152224207
bottle,1.0,5.0
car,0.7200000000000001,2.160401773370424
cat,0.9,3.6611113021412143
chair,0.9,3.8811484303920416
clock,0.71,5.0
dog,0.76,3.032650436880928
elephant,0.36,2.6452999786586817
keyboard,0.89,2.9325715169255724
knife,0.8,2.675535869388829
oven,0.22000000000000003,1.2815556964431383
truck,0.6,2.2935177389452504
