,accuracy,dprime
airplane,0.7,2.5384913247261798
bear,0.33999999999999997,1.4214515063745097
bicycle,1.0,5.0
bird,0.2,1.0013491596485982
boat,0.7,2.9991401619275244
bottle,0.9,3.363651600803948
car,0.7,2.0961873292179005
cat,0.8,2.592307304825084
chair,0.78,2.704405305986943
clock,0.5,5.0
dog,0.22000000000000003,0.9784928570634852
elephant,0.22999999999999998,1.275243962832925
keyboard,0.9,3.1925872130937183
knife,0.7,3.0778339429620667
oven,0.5,2.161371333363704
truck,0.8,2.6241277675264385
