,accuracy,dprime
airplane,0.0,0.0
bear,0.0875,0.9116205541231115
bicycle,0.0625,1.1789313441201719
bird,0.0125,0.28066673830276123
boat,0.0,-5.0
bottle,0.425,0.46712631351446954
car,0.1,1.8624287215244792
cat,0.15,0.9235305950462647
chair,0.2375,1.1084348988861625
clock,0.8125,1.5642610217403434
dog,0.05,0.4831916072335112
elephant,0.025,0.8470697838037498
keyboard,0.0875,1.5788877235314587
knife,0.3625,0.3953209570910888
oven,0.15,1.0004007422075984
truck,0.2625,1.4180918969342402
