,accuracy,dprime
airplane,1.0,5.0
bear,0.86,2.896560849294155
bicycle,1.0,5.0
bird,0.8,3.2505367793883755
boat,0.7,2.5645711485174916
bottle,1.0,5.0
car,0.66,2.194969663394929
cat,0.8,3.0389076102139665
chair,0.8,4.050328144007933
clock,0.79,5.0
dog,0.79,3.085427953055263
elephant,0.31,2.507908424562422
keyboard,0.9,2.932903826894842
knife,0.63,2.8065929956563007
oven,0.4,1.5542664544573264
truck,0.4800000000000001,1.8713625796023865
