,accuracy,dprime
airplane,0.97,4.09715638737565
bear,0.8,2.909337975538987
bicycle,1.0,5.0
bird,0.8699999999999999,3.1404819410569393
boat,0.7,2.685771846071745
bottle,1.0,5.0
car,0.7,2.5781494233398634
cat,0.71,2.810513964041898
chair,0.99,5.0
clock,0.8,3.3163608827923983
dog,0.6799999999999999,2.684061578338907
elephant,0.6,2.7280867523552836
keyboard,0.8,2.6407393404108817
knife,0.76,2.922665342064486
oven,0.58,1.9448950906025715
truck,0.54,2.27941130657272
