,accuracy,dprime
airplane,0.0,0.0
bear,0.1,1.5254822027992039
bicycle,0.025,1.1840163025290251
bird,0.0,0.0
boat,0.0,0.0
bottle,0.225,0.7924007099550325
car,0.0625,1.1789313441201719
cat,0.15,1.0004007422075984
chair,0.1125,1.082821567776851
clock,0.85,1.3397262761686521
dog,0.0125,0.5656310407388592
elephant,0.0625,0.9406191048669377
keyboard,0.125,1.2820296782084388
knife,0.5625,0.47814845673084394
oven,0.05,0.3444593639318507
truck,0.175,1.6412400124754205
