,accuracy,dprime
airplane,1.0,5.0
bear,0.74,2.5340284536368283
bicycle,1.0,5.0
bird,0.6,2.3210638451018726
boat,0.48,2.186127980145948
bottle,1.0,5.0
car,0.62,2.216516435648516
cat,0.74,2.5340284536368283
chair,0.8,3.3163608827923983
clock,0.53,2.4016177361406705
dog,0.6599999999999999,3.2906248685368875
elephant,0.7,2.4786927474887905
keyboard,0.8399999999999999,2.7077072848378254
knife,0.8800000000000001,3.2151574278755417
oven,0.51,1.8241870150966784
truck,0.6,2.335447138395147
