,accuracy,dprime
airplane,0.99,4.169318267262353
bear,0.55,1.1507246203338999
bicycle,1.0,5.0
bird,0.43000000000000005,1.5743119064713087
boat,0.37000000000000005,1.8654330302042357
bottle,1.0,5.0
car,0.01,5.0
cat,0.17,1.5205743960732896
chair,0.8099999999999999,3.664075771621502
clock,0.0,-5.0
dog,0.58,2.3299387133268348
elephant,0.51,1.7914416603530867
keyboard,0.35,1.015280829125958
knife,0.9099999999999999,2.5325712053716103
oven,0.0,0.0
truck,0.15,1.1425441965674605
