,accuracy,dprime
airplane,1.0,5.0
bear,0.6300000000000001,2.3211663373201405
bicycle,1.0,5.0
bird,0.6,2.469709882360198
boat,0.5,1.9007609328648005
bottle,1.0,5.0
car,0.35,1.7116069627567745
cat,0.8,2.9538519319751835
chair,0.9,3.7562912147640843
clock,0.51,2.3040756142957335
dog,0.7,2.803407218745063
elephant,0.77,2.671058940983472
keyboard,0.7,2.0961873292179005
knife,1.0,5.0
oven,0.47000000000000003,1.84624630096729
truck,0.7,2.6688111336198803
