,accuracy,dprime
airplane,0.5,2.408915545815461
bear,0.31,1.2395683727424556
bicycle,0.8,2.732304281816826
bird,0.0,-5.0
boat,0.77,1.8342653481149234
bottle,1.0,5.0
car,0.03,0.905385868419023
cat,0.38,0.928169264395681
chair,0.6599999999999999,2.924607457371866
clock,0.71,2.4440677677995843
dog,0.11000000000000001,0.7056839717616483
elephant,0.01,0.6774108978690347
keyboard,1.0,5.0
knife,0.5399999999999999,1.8434353319721903
oven,0.3,1.9877438152224207
truck,0.13,5.0
