,accuracy,dprime
airplane,0.21000000000000002,1.7931756178292009
bear,0.02,-0.13223274756470316
bicycle,0.9,1.9964583141489054
bird,0.0,0.0
boat,0.8699999999999999,2.5093852561394385
bottle,1.0,5.0
car,0.0,0.0
cat,0.42000000000000004,1.4761770390790583
chair,0.6,2.060960660728926
clock,0.7,2.7407632919324394
dog,0.05,1.1413258496188012
elephant,0.06,1.0972962133053419
keyboard,1.0,5.0
knife,0.78,3.1243149106800687
oven,0.78,2.6628762624325963
truck,0.3,2.6843063977269774
