,accuracy,dprime
airplane,1.0,5.0
bear,0.5700000000000001,2.2440909067469343
bicycle,1.0,5.0
bird,0.78,2.652986822339936
boat,0.5599999999999999,5.0
bottle,1.0,5.0
car,0.71,2.5307531477376197
cat,0.78,2.799151619545864
chair,0.89,3.667034997811528
clock,0.68,2.9424384483339923
dog,0.71,2.7896662831663543
elephant,0.55,2.2700719677669143
keyboard,0.8800000000000001,3.096502955133211
knife,0.93,5.0
oven,0.6,1.9314176213567087
truck,0.75,2.6518581783780286
