,accuracy,dprime
airplane,0.0,0.0
bear,0.0,0.0
bicycle,0.0,0.0
bird,0.0,0.0
boat,0.0,0.0
bottle,0.0,-5.0
car,0.0,0.0
cat,0.0,0.0
chair,0.4,1.9630156760885988
clock,0.7,1.9294720730176735
dog,0.0,0.0
elephant,0.0,0.0
keyboard,0.0,0.0
knife,0.8,-0.15283664963683874
oven,0.0,0.0
truck,0.0,0.0
