,accuracy,dprime
airplane,1.0,5.0
bear,0.4800000000000001,2.3294061531318806
bicycle,1.0,5.0
bird,0.47000000000000003,1.9516885432573496
boat,0.24,1.37579747241926
bottle,1.0,5.0
car,0.0,-5.0
cat,0.89,2.9397775216646833
chair,0.9099999999999999,3.139873140528183
clock,0.0,0.0
dog,0.76,2.449304174300808
elephant,0.67,2.552143864075503
keyboard,0.22000000000000003,0.660309506637127
knife,0.89,2.099521535581066
oven,0.06999999999999999,0.9037687084174428
truck,0.0,0.0
