,accuracy,dprime
airplane,0.9,3.793695893475062
bear,0.5700000000000001,1.9839877223739875
bicycle,1.0,5.0
bird,0.51,2.222355284899763
boat,0.42000000000000004,1.7303186126564074
bottle,1.0,5.0
car,0.4,1.712352390706531
cat,0.74,5.0
chair,0.9,5.0
clock,0.6,2.510476347622025
dog,0.7,5.0
elephant,0.58,2.134105570940109
keyboard,0.5,1.4050715603096329
knife,0.8,2.7738333253711724
oven,0.3,1.3563930954432102
truck,0.8,2.425008017799248
