,accuracy,dprime
airplane,1.0,5.0
bear,0.75,2.7422064921621545
bicycle,1.0,5.0
bird,0.89,3.1808203548173606
boat,0.51,2.499808557478195
bottle,1.0,5.0
car,0.8,2.675535869388829
cat,0.71,2.769747498780071
chair,0.9,3.7562912147640843
clock,0.6,5.0
dog,0.79,3.022784026242639
elephant,0.44000000000000006,2.3611751124336844
keyboard,1.0,5.0
knife,0.9199999999999999,3.9585049905636582
oven,0.5900000000000001,2.070515369862662
truck,0.7,2.5781494233398634
