,accuracy,dprime
airplane,0.0,0.0
bear,0.0,0.0
bicycle,0.01,5.0
bird,0.0,0.0
boat,0.71,0.7929507952309509
bottle,0.11000000000000001,1.7772306518732657
car,0.0,0.0
cat,0.0,-5.0
chair,0.31,2.2903291292228207
clock,0.55,3.3343682572900923
dog,0.0,0.0
elephant,0.0,0.0
keyboard,1.0,5.0
knife,0.30999999999999994,2.3823113917480296
oven,0.06,5.0
truck,0.0,0.0
