,accuracy,dprime
airplane,0.0,0.0
bear,0.0,0.0
bicycle,0.8099999999999999,2.5768212023915265
bird,0.0,0.0
boat,0.5900000000000001,0.5860037698923434
bottle,0.22999999999999998,0.7674148740930308
car,0.0,-5.0
cat,0.1,0.4173733417956975
chair,0.2,1.4155080109133111
clock,0.6,3.257105875045675
dog,0.0,0.0
elephant,0.07999999999999999,0.8969610480264478
keyboard,0.61,1.1353150199401363
knife,0.4699999999999999,1.2990792271080582
oven,0.0,0.0
truck,0.0,0.0
