,accuracy,dprime
airplane,0.9,3.7562912147640843
bear,0.5,1.861549149189413
bicycle,1.0,5.0
bird,0.49000000000000005,2.1912938709656875
boat,0.44000000000000006,2.0853123481139044
bottle,1.0,5.0
car,0.4,1.2686891386000565
cat,0.7,2.760682076318722
chair,0.8,5.0
clock,0.6900000000000001,2.9705899965669373
dog,0.7,5.0
elephant,0.8,2.7738333253711724
keyboard,0.62,1.7714133255541458
knife,0.78,2.672954147053485
oven,0.39,1.5031874995060701
truck,0.45,1.5803820500338879
