,accuracy,dprime
airplane,0.6,2.0872617389517143
bear,0.31,1.4049105855173472
bicycle,0.9,3.1526363275463027
bird,0.19,0.896485615293729
boat,0.45999999999999996,1.9265246848457096
bottle,0.82,3.076736421206518
car,0.38,1.2779059961269361
cat,0.8,2.2694771538487744
chair,0.51,2.0652395440681617
clock,0.5,5.0
dog,0.3,1.3006063084383623
elephant,0.1,1.5046279110256737
keyboard,0.9,2.9596220837655096
knife,0.51,3.2337758186937293
oven,0.64,2.5748215724755923
truck,0.8,2.342707179616939
