,accuracy,dprime
airplane,0.8,2.752656881122032
bear,0.4,1.5210348072091577
bicycle,0.9,3.497914344768999
bird,0.24,1.1458772959289591
boat,0.5,1.8521798587690466
bottle,0.9,3.4259621864564407
car,0.5,1.735418720089909
cat,0.8,2.5196917517938235
chair,0.6,2.414718436499504
clock,0.5,2.474739649219484
dog,0.12,0.6500200290803129
elephant,0.35,1.5468916253906904
keyboard,0.9,3.2137636573428585
knife,0.6,2.5796949771766404
oven,0.7,2.7407632919324394
truck,0.8,2.5265620014448293
