,accuracy,dprime
airplane,0.9,2.9528301386140114
bear,0.22999999999999998,1.4974347144254678
bicycle,1.0,5.0
bird,0.21000000000000002,5.0
boat,0.21000000000000002,1.9066306414544778
bottle,0.99,5.0
car,0.02,5.0
cat,0.5599999999999999,5.0
chair,1.0,5.0
clock,0.06999999999999999,5.0
dog,0.75,2.1807514734743263
elephant,0.4,2.1555684426796615
keyboard,0.25,0.5663453637257972
knife,0.9,2.149662997514994
oven,0.0,0.0
truck,0.0,0.0
