,accuracy,dprime
airplane,0.9,3.9946034540173185
bear,0.89,3.7012677692560945
bicycle,1.0,5.0
bird,0.8400000000000001,3.8726196223052365
boat,0.8899999999999999,3.3545733542215936
bottle,0.95,5.0
car,0.9,4.0677310421148745
cat,0.8699999999999999,3.2386218274410696
chair,0.9400000000000001,5.0
clock,1.0,5.0
dog,1.0,5.0
elephant,0.9,5.0
keyboard,1.0,5.0
knife,1.0,5.0
oven,0.96,5.0
truck,1.0,5.0
