,accuracy,dprime
airplane,0.85,3.511173038713274
bear,0.57,1.5637298416751617
bicycle,0.9,3.2137636573428585
bird,0.19,1.1236520123211247
boat,0.61,5.0
bottle,1.0,5.0
car,0.78,2.643277976190387
cat,0.7,1.9952444266875389
chair,0.8099999999999999,3.664075771621502
clock,0.74,3.118085054612401
dog,0.35,1.5257151811415501
elephant,0.2,1.4373854724641082
keyboard,1.0,5.0
knife,0.8,3.5546731220456325
oven,0.8099999999999999,3.3526359442707125
truck,0.6799999999999999,2.481789611132647
