,accuracy,dprime
airplane,0.9,3.7562912147640843
bear,0.9,5.0
bicycle,1.0,5.0
bird,0.8,3.3163608827923983
boat,0.4,5.0
bottle,0.9,3.7562912147640843
car,0.8,5.0
cat,0.9,3.3353004761764233
chair,0.9,3.7562912147640843
clock,1.0,5.0
dog,1.0,5.0
elephant,1.0,5.0
keyboard,0.7,5.0
knife,0.8,2.454979628225217
oven,0.9,5.0
truck,0.9,5.0
