,accuracy,dprime
airplane,0.9,3.560558271581623
bear,0.72,3.1824383721186575
bicycle,1.0,5.0
bird,0.82,3.294924824439428
boat,0.9099999999999999,3.5770365973008973
bottle,1.0,5.0
car,1.0,5.0
cat,1.0,5.0
chair,0.82,5.0
clock,0.9199999999999999,4.61377847074465
dog,0.93,3.9162979059540888
elephant,0.8699999999999999,3.383520373525026
keyboard,1.0,5.0
knife,1.0,5.0
oven,0.99,5.0
truck,0.93,4.684497938614189
