,accuracy,dprime
airplane,1.0,5.0
bear,0.5599999999999999,2.21868595746285
bicycle,1.0,5.0
bird,0.44000000000000006,1.7921645356082894
boat,0.5800000000000001,2.6108090249573124
bottle,1.0,5.0
car,0.7,2.3859496618974534
cat,0.67,2.7419457740093147
chair,0.9099999999999999,4.344513805600091
clock,0.68,2.746705505151531
dog,0.6,2.335447138395147
elephant,0.7,2.467534263813107
keyboard,0.75,2.5084043860119962
knife,1.0,5.0
oven,0.58,1.9151428807699236
truck,0.6700000000000002,2.3509488132223524
