,accuracy,dprime
airplane,1.0,5.0
bear,0.66,2.4394215347985844
bicycle,1.0,5.0
bird,0.7,2.903960249304655
boat,0.6,2.2190465969781306
bottle,1.0,5.0
car,0.43,1.71430888346305
cat,0.79,3.5194731354909585
chair,1.0,5.0
clock,0.67,3.6486200761082523
dog,0.76,2.6836709910220344
elephant,0.63,2.510830932498067
keyboard,0.7,1.7834844931351128
knife,0.8,2.8431695409452677
oven,0.11000000000000001,0.7277641147441403
truck,0.4,2.0037821413504258
