,accuracy,dprime
airplane,0.0,0.0
bear,0.0,0.0
bicycle,0.0,0.0
bird,0.0,0.0
boat,0.0,0.0
bottle,0.0,0.0
car,0.0,0.0
cat,0.0,0.0
chair,0.5,2.053748910631823
clock,0.7,2.358315148523955
dog,0.0,0.0
elephant,0.0,0.0
keyboard,0.1,1.1931880836748836
knife,0.9,0.20123222472964453
oven,0.0,0.0
truck,0.0,0.0
