,accuracy,dprime
airplane,0.9,3.793695893475062
bear,0.8899999999999999,3.667034997811527
bicycle,1.0,5.0
bird,0.76,2.942584126450769
boat,0.89,3.6354436658520717
bottle,1.0,5.0
car,1.0,5.0
cat,0.8099999999999999,3.1799289033873093
chair,0.9099999999999999,5.0
clock,0.9,5.0
dog,0.99,4.6526957480816815
elephant,0.9,4.159713304640084
keyboard,1.0,5.0
knife,1.0,5.0
oven,1.0,5.0
truck,1.0,5.0
