,accuracy,dprime
airplane,1.0,5.0
bear,0.6,2.852943967983241
bicycle,1.0,5.0
bird,0.71,2.8554173278917534
boat,0.51,2.222355284899763
bottle,1.0,5.0
car,0.6900000000000001,2.1947752546877513
cat,0.89,5.0
chair,0.9,3.7562912147640843
clock,0.7,5.0
dog,0.8400000000000001,2.9159740462768733
elephant,0.75,2.7282386608279046
keyboard,0.6900000000000001,2.329764983163368
knife,0.9099999999999999,3.7812619114651334
oven,0.31,1.1425733777360083
truck,0.78,2.9002384483736687
