,accuracy,dprime
airplane,0.5,2.474739649219484
bear,0.6,1.9314176213567087
bicycle,0.9,5.0
bird,0.3,5.0
boat,0.0,0.0
bottle,1.0,5.0
car,0.0,0.0
cat,0.4,5.0
chair,0.8,2.8953701442047373
clock,0.4,0.7140744629659013
dog,0.0,0.0
elephant,0.6,2.185559194934058
keyboard,0.0,-5.0
knife,0.7,0.9007371212167163
oven,0.0,0.0
truck,0.0,0.0
