,accuracy,dprime
airplane,1.0,5.0
bear,0.7,2.2233254200483383
bicycle,1.0,5.0
bird,0.5,1.9007609328648005
boat,0.67,2.914652814892718
bottle,1.0,5.0
car,0.61,2.095560542926654
cat,0.56,2.8640211039694954
chair,0.9,5.0
clock,0.65,2.938753896661594
dog,0.6,2.3210638451018726
elephant,0.6599999999999999,2.591440715502655
keyboard,0.72,2.115608267564519
knife,1.0,5.0
oven,0.27999999999999997,1.4064714836121073
truck,0.5800000000000001,2.01813498762105
