,accuracy,dprime
airplane,1.0,5.0
bear,0.5,1.6448536269514729
bicycle,0.9,3.7562912147640843
bird,0.5599999999999999,2.2047181261286
boat,0.3,1.6919622665163576
bottle,1.0,5.0
car,0.76,2.441721282929996
cat,0.5599999999999999,2.0416522637406884
chair,0.9,3.793695893475062
clock,0.7,3.123997377555482
dog,0.6,2.2307155313177467
elephant,0.66,2.5914407155026553
keyboard,0.57,2.0571677729321123
knife,0.8,3.057984012797313
oven,0.7,2.4786927474887905
truck,0.58,1.9762753894868081
