,accuracy,dprime
airplane,1.0,5.0
bear,0.72,2.819123070881898
bicycle,1.0,5.0
bird,0.8699999999999999,3.0374267765879184
boat,0.6,2.852943967983241
bottle,1.0,5.0
car,0.7,2.425161445572841
cat,0.76,2.8343477970250714
chair,0.9,4.0677310421148745
clock,0.7,3.5281592846179164
dog,0.79,2.8333796523754198
elephant,0.54,2.6125780484419314
keyboard,0.89,2.8844495140969793
knife,0.8,4.050328144007933
oven,0.45999999999999996,1.584507047360445
truck,0.6,2.1964808542408663
