,accuracy,dprime
airplane,0.99,4.542710653265239
bear,0.36,2.2936110146510016
bicycle,1.0,5.0
bird,0.67,2.7419457740093147
boat,0.55,2.270071967766914
bottle,1.0,5.0
car,0.6900000000000001,2.1671289204168644
cat,0.62,2.541762351710079
chair,0.9,5.0
clock,0.6,2.6938539809107174
dog,0.8400000000000001,2.6863493638005886
elephant,0.74,2.7402728345572593
keyboard,0.8,2.480044958656376
knife,0.8400000000000001,3.4033734290252147
oven,0.43,1.6758056939881851
truck,0.5700000000000001,2.39273694400526
