,accuracy,dprime
airplane,1.0,5.0
bear,0.8400000000000001,5.0
bicycle,1.0,5.0
bird,0.9400000000000001,3.7711363738212524
boat,0.9099999999999999,3.8154946829096996
bottle,0.9,5.0
car,1.0,5.0
cat,0.9,3.7562912147640843
chair,0.9800000000000001,5.0
clock,0.9,5.0
dog,1.0,5.0
elephant,0.9,3.6611113021412143
keyboard,1.0,5.0
knife,1.0,5.0
oven,0.9199999999999999,5.0
truck,0.97,4.434227038405277
