,accuracy,dprime
airplane,0.39,1.8996585516137963
bear,0.2,1.1599270737994392
bicycle,0.9,2.2071269961074758
bird,0.16999999999999998,0.8122074989481814
boat,0.8,2.8189896617548613
bottle,1.0,5.0
car,0.4,2.1555684426796615
cat,0.7,1.9569032335338523
chair,0.7,5.0
clock,0.7,5.0
dog,0.0,0.0
elephant,0.04,0.4656767079722286
keyboard,1.0,5.0
knife,0.78,3.02932245867491
oven,0.43,1.9205532643834808
truck,0.9,3.0977930740238
