,accuracy,dprime
airplane,0.0,-5.0
bear,0.0,-5.0
bicycle,0.6799999999999999,0.7872173409571266
bird,0.0,0.0
boat,0.16999999999999998,1.0995836574856286
bottle,0.9,3.2137636573428585
car,0.0,0.0
cat,0.77,2.266226366708801
chair,0.72,2.3033869911010174
clock,0.4,5.0
dog,0.0,0.0
elephant,0.03,0.7712761997509443
keyboard,0.82,1.9460967627254946
knife,0.72,2.416756143087131
oven,0.0,0.0
truck,0.0,0.0
