,accuracy,dprime
airplane,1.0,5.0
bear,0.54,1.9526135792805164
bicycle,1.0,5.0
bird,0.7,2.668811133619881
boat,0.5599999999999999,2.3299468015580276
bottle,1.0,5.0
car,0.6,2.035853637089324
cat,0.6,2.3070960137676226
chair,0.99,5.0
clock,0.76,3.1810422120595714
dog,0.5900000000000001,2.484674221127375
elephant,0.71,2.5307531477376197
keyboard,0.78,2.4367560753914064
knife,0.8400000000000001,3.5940547480571947
oven,0.75,2.4329650738196205
truck,0.44000000000000006,2.028008370564473
