,accuracy,dprime
airplane,0.36,1.5737532985470644
bear,0.0,-5.0
bicycle,0.93,2.854449756802448
bird,0.17,1.2621975260782041
boat,0.5900000000000001,2.229093284013503
bottle,0.99,5.0
car,0.26,1.2182037437964959
cat,0.8,1.7418472192743475
chair,0.8,2.7738333253711724
clock,0.8,3.282128111347832
dog,0.13999999999999999,0.933771471203183
elephant,0.36,1.185217935383272
keyboard,0.76,2.607063495704888
knife,0.6,2.5796949771766404
oven,0.48,5.0
truck,0.06999999999999999,5.0
